STATEFP10,ZCTA5CE10,GEOID10,CLASSFP10,MTFCC10,FUNCSTAT10,ALAND10,AWATER10,INTPTLAT10,INTPTLON10,PARTFLG10
53,98822,5398822,B5,G6350,S,1131837710,5582389,+47.9019257,-120.5504512,N
53,98821,5398821,B5,G6350,S,4754899,198324,+47.5497169,-120.5586129,N
53,98357,5398357,B5,G6350,S,110004759,462073,+48.3338551,-124.6354040,N
53,98663,5398663,B5,G6350,S,11134084,70154,+45.6573955,-122.6631613,N
53,98684,5398684,B5,G6350,S,18064308,7161,+45.6305560,-122.5148386,N
53,98848,5398848,B5,G6350,S,1165967409,22124442,+47.1686432,-119.8429390,N
53,99166,5399166,B5,G6350,S,1520163637,4169556,+48.5756319,-118.6644917,N
53,98851,5398851,B5,G6350,S,411451359,11233329,+47.4121026,-119.4396460,N
53,99103,5399103,B5,G6350,S,590375063,96517,+47.7560052,-118.9276085,N
53,99357,5399357,B5,G6350,S,601540664,2568318,+46.8913099,-119.6616251,N
53,98520,5398520,B5,G6350,S,618430741,74611918,+47.2056382,-123.7543287,N
53,98260,5398260,B5,G6350,S,68456492,16909788,+48.0332311,-122.4538995,N
53,98282,5398282,B5,G6350,S,102982587,43985950,+48.2141123,-122.5002313,N
53,98278,5398278,B5,G6350,S,13633654,3705621,+48.3397056,-122.6716562,N
53,98368,5398368,B5,G6350,S,137583639,26654199,+48.0344015,-122.8389533,N
53,98030,5398030,B5,G6350,S,18448814,220436,+47.3685218,-122.1979759,N
53,98198,5398198,B5,G6350,S,20167178,2323850,+47.3913237,-122.3149760,N
53,98001,5398001,B5,G6350,S,48144696,824774,+47.3094956,-122.2644688,N
53,98112,5398112,B5,G6350,S,8187984,3833109,+47.6328103,-122.2885112,N
53,98058,5398058,B5,G6350,S,49037425,2139998,+47.4427366,-122.1239732,N
53,98052,5398052,B5,G6350,S,52053966,2151988,+47.6809904,-122.1205314,N
53,98056,5398056,B5,G6350,S,19466244,4020104,+47.5125270,-122.1902485,N
53,98077,5398077,B5,G6350,S,44819919,575692,+47.7523786,-122.0602825,N
53,98023,5398023,B5,G6350,S,26727719,3607159,+47.3114144,-122.3629099,N
53,98002,5398002,B5,G6350,S,18530037,338922,+47.3082862,-122.2168124,N
53,98354,5398354,B5,G6350,S,6237568,103929,+47.2519937,-122.3172889,N
53,98070,5398070,B5,G6350,S,95633751,33221105,+47.4071963,-122.4733222,N
53,98065,5398065,B5,G6350,S,191904766,2249153,+47.5842231,-121.7919511,N
53,98164,5398164,B5,G6350,S,9165,0,+47.6059615,-122.3320293,N
53,98353,5398353,B5,G6350,S,2078858,3000894,+47.5386400,-122.4926126,N
53,98937,5398937,B5,G6350,S,2032983911,19182289,+46.8111164,-121.1903092,N
53,98672,5398672,B5,G6350,S,376400105,3519062,+45.8390470,-121.4518325,N
53,98613,5398613,B5,G6350,S,239457793,0,+45.7367237,-120.9656569,N
53,98533,5398533,B5,G6350,S,311104187,571473,+46.6707304,-122.4195879,N
53,98585,5398585,B5,G6350,S,57419162,5326991,+46.5507215,-122.4770759,N
53,98304,5398304,B5,G6350,S,891110795,10382845,+46.8837436,-121.7368093,N
53,99013,5399013,B5,G6350,S,264478407,9319637,+47.8937174,-117.8308169,N
53,99029,5399029,B5,G6350,S,306871354,761442,+47.6938406,-117.8310063,N
53,98833,5398833,B5,G6350,S,522121524,180217,+48.7729383,-120.6401783,N
53,98834,5398834,B5,G6350,S,191382871,62892,+48.1202995,-120.0665064,N
53,98819,5398819,B5,G6350,S,320507529,2495709,+48.6163350,-119.8214494,N
53,98527,5398527,B5,G6350,S,25988400,33421089,+46.5851418,-123.9247256,N
53,98644,5398644,B5,G6350,S,1823365,325123,+46.3296070,-124.0569688,N
53,98640,5398640,B5,G6350,S,52515964,114019472,+46.5827228,-124.0272568,N
53,98621,5398621,B5,G6350,S,108841488,170887,+46.3791422,-123.5405546,N
53,99119,5399119,B5,G6350,S,1049239552,18950833,+48.5088823,-117.3155131,N
53,98371,5398371,B5,G6350,S,29867982,198584,+47.1994484,-122.3235413,N
53,98406,5398406,B5,G6350,S,11053311,1054058,+47.2641074,-122.5125908,N
53,98385,5398385,B5,G6350,S,1225463,33627,+47.1361623,-122.0894930,N
53,98335,5398335,B5,G6350,S,57778439,26846825,+47.2969474,-122.6236610,N
53,98396,5398396,B5,G6350,S,35538591,61771,+47.0947722,-122.0017165,N
53,98349,5398349,B5,G6350,S,55159877,54104847,+47.2728167,-122.7639563,N
53,98447,5398447,B5,G6350,S,122035,0,+47.1440955,-122.4434412,N
53,98221,5398221,B5,G6350,S,137490614,34329970,+48.5050248,-122.6592851,N
53,98280,5398280,B5,G6350,S,18480114,3873387,+48.6080008,-122.9102851,N
53,98279,5398279,B5,G6350,S,36329362,23798364,+48.6388945,-122.8076145,N
53,98297,5398297,B5,G6350,S,11703383,9005685,+48.7020618,-123.0265067,N
53,98241,5398241,B5,G6350,S,1060181498,6553150,+48.1916660,-121.2088221,N
53,98232,5398232,B5,G6350,S,138642205,4959379,+48.5705515,-122.4110646,N
53,98263,5398263,B5,G6350,S,421041,238126,+48.5237234,-122.0653012,N
53,99203,5399203,B5,G6350,S,12113205,29141,+47.6286406,-117.4029971,N
53,99003,5399003,B5,G6350,S,181679393,181043,+47.9202086,-117.2926786,N
53,99207,5399207,B5,G6350,S,14110126,157219,+47.6887498,-117.3874640,N
53,99025,5399025,B5,G6350,S,115272867,4931402,+47.7938587,-117.0753439,N
53,99110,5399110,B5,G6350,S,97353510,0,+48.0120856,-117.5763521,N
53,99114,5399114,B5,G6350,S,1886882696,6532253,+48.6551979,-117.7358341,N
53,99109,5399109,B5,G6350,S,725587412,348807,+48.2929474,-117.6985450,N
53,99179,5399179,B5,G6350,S,183608096,4030337,+46.4949788,-117.1259226,N
53,99128,5399128,B5,G6350,S,221476072,11495,+47.0979496,-117.0813441,Y
53,98908,5398908,B5,G6350,S,255917365,669380,+46.6152063,-120.7241130,N
53,99344,5399344,B5,G6350,S,1174591075,11541744,+46.8200686,-119.1780544,N
53,98852,5398852,B5,G6350,S,582849631,21062060,+48.2340241,-120.5558473,N
53,98836,5398836,B5,G6350,S,19786083,157461,+47.4756664,-120.4410100,N
53,98811,5398811,B5,G6350,S,13423862,0,+47.7138431,-120.3762985,N
53,98817,5398817,B5,G6350,S,2544385,912460,+47.7910625,-119.9943430,N
53,98331,5398331,B5,G6350,S,2022178740,125407709,+47.7773492,-124.1916744,N
53,98674,5398674,B5,G6350,S,214836558,11775068,+45.9512668,-122.6655415,N
53,98682,5398682,B5,G6350,S,78100407,0,+45.6732126,-122.4817488,N
53,99361,5399361,B5,G6350,S,579326402,0,+46.2365533,-118.1438385,N
53,98581,5398581,B5,G6350,S,76099428,0,+46.3578737,-123.0673141,N
53,98649,5398649,B5,G6350,S,516317446,105807,+46.3141428,-122.5345997,N
53,99118,5399118,B5,G6350,S,510135455,0,+48.8965407,-118.6385647,N
53,99141,5399141,B5,G6350,S,1372216440,70463364,+48.7369898,-118.1386915,N
53,99330,5399330,B5,G6350,S,199564362,0,+46.4897672,-119.0432214,N
53,99335,5399335,B5,G6350,S,438424455,8869750,+46.6517950,-118.4883783,N
53,99321,5399321,B5,G6350,S,95746219,6683052,+46.8784546,-119.9088032,N
53,98824,5398824,B5,G6350,S,990406,0,+47.0777932,-119.8586839,N
53,98575,5398575,B5,G6350,S,262809374,1032502,+47.4159172,-123.8028379,N
53,98376,5398376,B5,G6350,S,302919715,38761336,+47.8468366,-122.8522622,N
53,98109,5398109,B5,G6350,S,5178191,1079071,+47.6318633,-122.3442667,N
53,98103,5398103,B5,G6350,S,12005476,1705646,+47.6782553,-122.3381521,N
53,98121,5398121,B5,G6350,S,1141212,546001,+47.6151915,-122.3505805,N
53,98011,5398011,B5,G6350,S,21201057,0,+47.7533351,-122.2019679,N
53,98022,5398022,B5,G6350,S,1051343227,6351560,+47.2163720,-121.9129058,N
53,98003,5398003,B5,G6350,S,30089472,288168,+47.3077133,-122.3157728,N
53,98154,5398154,B5,G6350,S,9147,0,+47.6062106,-122.3337924,N
53,98174,5398174,B5,G6350,S,9145,0,+47.6045690,-122.3353595,N
53,98310,5398310,B5,G6350,S,15439818,6921558,+47.5919604,-122.6262740,N
53,98370,5398370,B5,G6350,S,146489098,25589757,+47.7540281,-122.6263314,N
53,98922,5398922,B5,G6350,S,1158190455,207111,+47.2670334,-120.8789814,N
53,98934,5398934,B5,G6350,S,2210185,0,+46.9818706,-120.4150529,N
53,98901,5398901,B5,G6350,S,302110890,4369335,+46.7226252,-120.4060387,N
53,99322,5399322,B5,G6350,S,639331821,0,+45.9439829,-120.1807743,N
53,98617,5398617,B5,G6350,S,28777996,1713782,+45.6430325,-121.1674932,N
53,98377,5398377,B5,G6350,S,551042622,7884575,+46.5248397,-121.8948119,N
53,98356,5398356,B5,G6350,S,259126114,17287327,+46.5611259,-122.2902868,N
53,98596,5398596,B5,G6350,S,231197016,468670,+46.4922577,-122.9526772,N
53,98572,5398572,B5,G6350,S,89608676,363560,+46.5463376,-123.3140839,N
53,98542,5398542,B5,G6350,S,35204952,0,+46.5252031,-122.7906318,N
53,99134,5399134,B5,G6350,S,555495051,1186480,+47.3981038,-118.2776664,N
53,99144,5399144,B5,G6350,S,87820793,0,+47.3777493,-118.5042905,N
53,98560,5398560,B5,G6350,S,149261191,96337,+47.3023496,-123.4258055,N
53,98862,5398862,B5,G6350,S,1160184395,2481634,+48.6027341,-120.3205295,N
53,98840,5398840,B5,G6350,S,1081267659,16015033,+48.3151294,-119.5799422,N
53,98577,5398577,B5,G6350,S,991184568,25952383,+46.6418486,-123.6103887,N
53,98590,5398590,B5,G6350,S,7980778,12070388,+46.7078729,-123.9985284,N
53,98638,5398638,B5,G6350,S,437297731,47861244,+46.3940461,-123.7613072,N
53,98641,5398641,B5,G6350,S,106518,0,+46.5464156,-124.0299364,N
53,99152,5399152,B5,G6350,S,12086183,989421,+48.8445743,-117.3967990,N
53,98466,5398466,B5,G6350,S,15460766,2149972,+47.2260504,-122.5394353,N
53,98424,5398424,B5,G6350,S,16337139,368362,+47.2353414,-122.3541919,N
53,98403,5398403,B5,G6350,S,2842069,0,+47.2659655,-122.4585317,N
53,98375,5398375,B5,G6350,S,25169192,4691,+47.1037830,-122.3229780,N
53,98261,5398261,B5,G6350,S,77211492,63717718,+48.4824920,-122.8839593,N
53,98243,5398243,B5,G6350,S,13302672,26163547,+48.6089779,-123.0036538,N
53,98237,5398237,B5,G6350,S,827707761,36482282,+48.5662717,-121.6892246,N
53,98238,5398238,B5,G6350,S,563363,0,+48.3353893,-122.3446201,N
53,98275,5398275,B5,G6350,S,19768770,2592435,+47.9165143,-122.3034358,N
53,98258,5398258,B5,G6350,S,74699782,4681283,+48.0441992,-122.0768759,N
53,98290,5398290,B5,G6350,S,306698662,7381221,+47.9556025,-121.9864720,N
53,99205,5399205,B5,G6350,S,23202063,257469,+47.6968247,-117.4448789,N
53,99011,5399011,B5,G6350,S,16913880,0,+47.6188317,-117.6481585,N
53,99223,5399223,B5,G6350,S,74148973,33887,+47.5894070,-117.3446228,N
53,99023,5399023,B5,G6350,S,35338077,0,+47.5610835,-117.1717836,N
53,99030,5399030,B5,G6350,S,203036631,0,+47.4840751,-117.1102025,N
53,99148,5399148,B5,G6350,S,149958527,9189299,+48.1004697,-117.5970036,N
53,99129,5399129,B5,G6350,S,401280270,31940806,+48.0152531,-118.1926667,N
53,98501,5398501,B5,G6350,S,89203449,3336872,+46.9745035,-122.8759870,N
53,98503,5398503,B5,G6350,S,29227044,2501089,+47.0220323,-122.7971033,N
53,98248,5398248,B5,G6350,S,183462686,5975845,+48.8644194,-122.6194193,N
53,98240,5398240,B5,G6350,S,53583344,57318,+48.9482253,-122.6206841,N
53,99174,5399174,B5,G6350,S,348107,0,+47.0105623,-117.3586869,N
53,98936,5398936,B5,G6350,S,366600477,961913,+46.5382118,-120.1437001,N
53,98921,5398921,B5,G6350,S,326160,0,+46.4311023,-120.3188169,N
53,99346,5399346,B5,G6350,S,325438409,12782510,+45.9976208,-119.2992929,N
53,98826,5398826,B5,G6350,S,2631314141,20723176,+47.7831453,-120.8431675,N
53,98831,5398831,B5,G6350,S,121577832,19050001,+47.9594720,-120.1028729,N
53,98363,5398363,B5,G6350,S,1639355751,27831088,+48.0027435,-123.8208473,N
53,98661,5398661,B5,G6350,S,27512147,1847074,+45.6400665,-122.6250179,N
53,98664,5398664,B5,G6350,S,13615216,771148,+45.6195097,-122.5771791,N
53,98601,5398601,B5,G6350,S,176749082,16569909,+45.9434390,-122.3625163,N
53,98606,5398606,B5,G6350,S,96898263,0,+45.7297408,-122.4563727,N
53,98611,5398611,B5,G6350,S,322678040,4431420,+46.3051380,-122.9006878,N
53,98645,5398645,B5,G6350,S,38597644,6444103,+46.3318658,-122.7600814,N
53,99146,5399146,B5,G6350,S,120444658,0,+48.9575480,-118.2975203,N
53,99349,5399349,B5,G6350,S,695197271,29598079,+46.7311905,-119.7005794,N
53,98832,5398832,B5,G6350,S,517811402,522220,+47.3716297,-119.0242486,N
53,98853,5398853,B5,G6350,S,20248632,5466158,+47.4600067,-119.2638905,N
53,98537,5398537,B5,G6350,S,501254041,249399,+46.8323998,-123.5974660,N
53,98563,5398563,B5,G6350,S,946982315,15852662,+47.1935985,-123.6153705,N
53,98595,5398595,B5,G6350,S,14137875,8999831,+46.8880363,-124.1133753,N
53,98587,5398587,B5,G6350,S,74150653,8075884,+47.3086814,-124.2019242,N
53,98358,5398358,B5,G6350,S,27655236,8913203,+48.0637958,-122.7131629,N
53,98092,5398092,B5,G6350,S,115596899,1840608,+47.2902865,-122.1268736,N
53,98166,5398166,B5,G6350,S,14685852,4037490,+47.4515760,-122.3529856,N
53,98155,5398155,B5,G6350,S,19604378,1713431,+47.7544130,-122.3004769,N
53,98106,5398106,B5,G6350,S,14236532,841740,+47.5440342,-122.3498743,N
53,98168,5398168,B5,G6350,S,23030102,426890,+47.4895690,-122.2999597,N
53,98158,5398158,B5,G6350,S,5726911,0,+47.4496701,-122.3076429,N
53,98074,5398074,B5,G6350,S,27654818,4010174,+47.6225418,-122.0442099,N
53,98033,5398033,B5,G6350,S,24062601,4422742,+47.6759816,-122.1935779,N
53,98072,5398072,B5,G6350,S,46958893,70284,+47.7607851,-122.1305312,N
53,98005,5398005,B5,G6350,S,19429635,18305,+47.6145328,-122.1687977,N
53,98059,5398059,B5,G6350,S,51737366,147702,+47.4996765,-122.1132908,N
53,98008,5398008,B5,G6350,S,14250591,7369624,+47.6057966,-122.0991177,N
53,98053,5398053,B5,G6350,S,73465062,461728,+47.6693116,-122.0101310,N
53,98029,5398029,B5,G6350,S,23189927,42596,+47.5570850,-122.0077482,N
53,98224,5398224,B5,G6350,S,510454144,9775389,+47.5958137,-121.4709101,N
53,98068,5398068,B5,G6350,S,687680542,30965563,+47.4319181,-121.3740615,N
53,98312,5398312,B5,G6350,S,159168131,15104140,+47.5808482,-122.7843688,N
53,98311,5398311,B5,G6350,S,28116579,9526971,+47.6311965,-122.6310170,N
53,98528,5398528,B5,G6350,S,189011920,33451257,+47.4430799,-122.9013313,N
53,98346,5398346,B5,G6350,S,71464150,13013821,+47.8210692,-122.5255263,N
53,98628,5398628,B5,G6350,S,22971960,0,+45.8878533,-121.0819478,N
53,98564,5398564,B5,G6350,S,363144019,24246406,+46.4494770,-122.4196501,N
53,98593,5398593,B5,G6350,S,34719238,110619,+46.4026825,-123.0100609,N
53,99008,5399008,B5,G6350,S,336029875,158055,+47.5033350,-117.9334378,N
53,99154,5399154,B5,G6350,S,47728271,0,+47.3897335,-118.3659254,N
53,98584,5398584,B5,G6350,S,883190500,93758883,+47.2374481,-123.1458116,N
53,98524,5398524,B5,G6350,S,36969791,6102743,+47.3547923,-122.8623265,N
53,98844,5398844,B5,G6350,S,856254904,16498656,+48.9272801,-119.2279523,N
53,98829,5398829,B5,G6350,S,178304282,767839,+48.2972590,-119.8055602,N
53,98849,5398849,B5,G6350,S,397586050,2500306,+48.5409901,-119.4095229,N
53,98624,5398624,B5,G6350,S,87794909,58059369,+46.3514313,-123.9922094,N
53,98418,5398418,B5,G6350,S,4359597,0,+47.2232292,-122.4465226,N
53,98388,5398388,B5,G6350,S,23145675,30645173,+47.2097395,-122.6844223,N
53,98332,5398332,B5,G6350,S,54162176,8478824,+47.3724950,-122.5958275,N
53,98229,5398229,B5,G6350,S,127275005,13232957,+48.6961272,-122.4135381,N
53,98651,5398651,B5,G6350,S,46239026,4718695,+45.7399243,-121.5834618,N
53,98205,5398205,B5,G6350,S,49040504,6324341,+47.9884981,-122.1501882,N
53,98208,5398208,B5,G6350,S,41918895,587506,+47.9017787,-122.1871438,N
53,98296,5398296,B5,G6350,S,88264899,1683406,+47.8390660,-122.1011133,N
53,98270,5398270,B5,G6350,S,37060532,442210,+48.0567229,-122.1469044,N
53,98252,5398252,B5,G6350,S,692257955,5334212,+48.0725605,-121.6896057,N
53,98223,5398223,B5,G6350,S,827807585,4386628,+48.2166876,-121.9521850,N
53,98207,5398207,B5,G6350,S,575949,210069,+47.9877204,-122.2233071,N
53,99022,5399022,B5,G6350,S,178670710,4653443,+47.5997801,-117.7089846,N
53,99202,5399202,B5,G6350,S,15905932,253367,+47.6574968,-117.3789698,N
53,99218,5399218,B5,G6350,S,18938894,2941,+47.7589243,-117.4093878,N
53,99039,5399039,B5,G6350,S,11614539,0,+47.3446522,-117.2655853,N
53,99018,5399018,B5,G6350,S,90604171,0,+47.2897922,-117.1548526,N
53,99027,5399027,B5,G6350,S,39071861,345322,+47.7101277,-117.1275601,N
53,99036,5399036,B5,G6350,S,105892139,0,+47.5252920,-117.2759149,N
53,99019,5399019,B5,G6350,S,56625159,3130452,+47.6431746,-117.0756196,N
53,99026,5399026,B5,G6350,S,183608637,12617332,+47.8113450,-117.6265399,N
53,99101,5399101,B5,G6350,S,283615030,224984,+48.3203076,-117.9206595,N
53,99126,5399126,B5,G6350,S,134526214,470353,+48.7313638,-117.9721464,N
53,99167,5399167,B5,G6350,S,161526113,7259721,+48.4192313,-118.1209847,N
53,99137,5399137,B5,G6350,S,208452272,99613,+48.1479465,-118.1149556,N
53,98597,5398597,B5,G6350,S,289029254,9599115,+46.8444258,-122.4928042,N
53,98576,5398576,B5,G6350,S,182880852,2457367,+46.8371519,-122.6383563,N
53,99324,5399324,B5,G6350,S,7898067,0,+46.0425780,-118.3868452,N
53,99363,5399363,B5,G6350,S,115344124,34023825,+46.0604406,-118.8835356,N
53,98266,5398266,B5,G6350,S,62038225,735181,+48.9639700,-122.1226658,N
53,99113,5399113,B5,G6350,S,248083935,7186622,+46.5934897,-117.1897822,N
53,98953,5398953,B5,G6350,S,163160443,0,+46.4422907,-120.2268143,N
53,98857,5398857,B5,G6350,S,421950818,5410856,+46.9851350,-119.0525626,N
53,99326,5399326,B5,G6350,S,706863737,4011557,+46.6500823,-118.8533492,N
53,99345,5399345,B5,G6350,S,473108439,57361225,+45.9522160,-119.7076696,N
53,98382,5398382,B5,G6350,S,444691010,73303,+48.0143822,-123.0779881,N
53,98326,5398326,B5,G6350,S,754265256,32608375,+48.1797346,-124.4116596,N
53,98642,5398642,B5,G6350,S,147852512,7740811,+45.8076953,-122.6939081,N
53,98665,5398665,B5,G6350,S,20802164,240822,+45.6795005,-122.6605601,N
53,98629,5398629,B5,G6350,S,100148090,450193,+45.8766043,-122.6191804,N
53,98685,5398685,B5,G6350,S,25188829,387897,+45.7151915,-122.6931078,N
53,98671,5398671,B5,G6350,S,223526619,16163054,+45.6144200,-122.2384467,N
53,98626,5398626,B5,G6350,S,353415991,2381711,+46.1720875,-122.7740058,N
53,98632,5398632,B5,G6350,S,334435769,21162011,+46.2106936,-123.0572424,N
53,98850,5398850,B5,G6350,S,58790268,7071904,+47.3099236,-120.0759826,N
53,99160,5399160,B5,G6350,S,233031766,0,+48.8387095,-118.3063228,N
53,98552,5398552,B5,G6350,S,237437008,2146752,+47.3151758,-123.9241977,N
53,98571,5398571,B5,G6350,S,22678197,2808096,+47.1946259,-124.1708591,N
53,98562,5398562,B5,G6350,S,2542358,68180,+47.2383922,-124.2003249,N
53,98559,5398559,B5,G6350,S,40625,0,+46.9588222,-123.3273641,N
53,98277,5398277,B5,G6350,S,146129625,38187570,+48.3158559,-122.6285815,N
53,98339,5398339,B5,G6350,S,14902871,2640384,+48.0240052,-122.7490327,N
53,98119,5398119,B5,G6350,S,6308526,1626237,+47.6386789,-122.3709456,N
53,98177,5398177,B5,G6350,S,14752872,3576381,+47.7422386,-122.3766077,N
53,98102,5398102,B5,G6350,S,3396112,644264,+47.6371398,-122.3218912,N
53,98199,5398199,B5,G6350,S,10815353,3889313,+47.6513707,-122.4073486,N
53,98118,5398118,B5,G6350,S,16178230,6840313,+47.5402459,-122.2685446,N
53,98115,5398115,B5,G6350,S,17051603,5468537,+47.6857460,-122.2815885,N
53,98134,5398134,B5,G6350,S,8738521,1888144,+47.5775985,-122.3380449,N
53,98042,5398042,B5,G6350,S,73577362,3128023,+47.3677371,-122.1170289,N
53,98007,5398007,B5,G6350,S,11341201,25498,+47.6138254,-122.1443652,N
53,98039,5398039,B5,G6350,S,3737877,11129640,+47.6316952,-122.2404046,N
53,98010,5398010,B5,G6350,S,38991722,2630485,+47.3120360,-122.0004175,N
53,98050,5398050,B5,G6350,S,8567888,797,+47.5452689,-121.9392880,N
53,98288,5398288,B5,G6350,S,547876467,10860402,+47.6615525,-121.2787860,N
53,98359,5398359,B5,G6350,S,36315365,3228804,+47.4310790,-122.5749164,N
53,98383,5398383,B5,G6350,S,46551571,4025318,+47.6624697,-122.7161658,N
53,98345,5398345,B5,G6350,S,1272139,458761,+47.6986224,-122.6238504,N
53,98342,5398342,B5,G6350,S,6208869,2121961,+47.7553263,-122.5115056,N
53,98946,5398946,B5,G6350,S,47267202,231638,+47.0802898,-120.7246202,N
53,98605,5398605,B5,G6350,S,111955065,6589628,+45.7768915,-121.6654591,N
53,99356,5399356,B5,G6350,S,649184081,41655807,+45.8247503,-120.3214534,N
53,98619,5398619,B5,G6350,S,386699373,136260,+45.9758812,-121.2747475,N
53,98532,5398532,B5,G6350,S,835383096,2778310,+46.6262903,-123.0526710,N
53,98336,5398336,B5,G6350,S,179111986,80154,+46.5822379,-122.0740302,N
53,98544,5398544,B5,G6350,S,260229,0,+46.7389714,-123.0269882,N
53,98827,5398827,B5,G6350,S,825195816,11495832,+48.8686620,-119.7707225,N
53,98856,5398856,B5,G6350,S,1174332087,864578,+48.3430275,-120.2639475,N
53,98586,5398586,B5,G6350,S,350850902,101786697,+46.5514427,-123.8308110,N
53,98614,5398614,B5,G6350,S,73305884,8813383,+46.2969900,-123.9093153,N
53,99139,5399139,B5,G6350,S,530363412,7158998,+48.7529472,-117.4076262,N
53,98465,5398465,B5,G6350,S,4304096,1722544,+47.2517609,-122.5360654,N
53,98421,5398421,B5,G6350,S,17280014,4160149,+47.2606371,-122.4002088,N
53,98360,5398360,B5,G6350,S,179987033,3890012,+47.0407155,-122.1447090,N
53,98390,5398390,B5,G6350,S,25032472,444332,+47.2094449,-122.2273189,N
53,98446,5398446,B5,G6350,S,28470498,55859,+47.1318794,-122.3758252,N
53,98438,5398438,B5,G6350,S,2204010,0,+47.1316307,-122.4969670,N
53,98303,5398303,B5,G6350,S,20071339,35046095,+47.1574053,-122.6935355,N
53,98286,5398286,B5,G6350,S,19964274,24225048,+48.5688139,-122.9575386,N
53,98250,5398250,B5,G6350,S,160966488,118022465,+48.5732761,-123.1150765,N
53,98255,5398255,B5,G6350,S,1349289,0,+48.5221201,-121.9893980,N
53,98284,5398284,B5,G6350,S,731873913,17970539,+48.5465323,-122.1230315,N
53,98292,5398292,B5,G6350,S,192963470,14631046,+48.2167923,-122.3143898,N
53,98201,5398201,B5,G6350,S,19365402,6934494,+48.0063109,-122.2100442,N
53,98272,5398272,B5,G6350,S,283032842,1992027,+47.8485907,-121.8949509,N
53,98203,5398203,B5,G6350,S,27723263,2260897,+47.9455190,-122.2310955,N
53,99217,5399217,B5,G6350,S,132146010,207690,+47.7406960,-117.2615057,N
53,99001,5399001,B5,G6350,S,18401954,0,+47.6364903,-117.5863045,N
53,99021,5399021,B5,G6350,S,217948824,0,+47.8482668,-117.1896119,N
53,99020,5399020,B5,G6350,S,232804,0,+47.5626007,-117.4966014,N
53,99157,5399157,B5,G6350,S,189933972,10620340,+48.8208434,-117.9333737,N
53,98530,5398530,B5,G6350,S,12908941,158630,+46.7905096,-122.8238539,N
53,98225,5398225,B5,G6350,S,32513414,6412818,+48.7540919,-122.5081285,N
53,99176,5399176,B5,G6350,S,98828996,0,+47.0809053,-117.4238896,N
53,99102,5399102,B5,G6350,S,597769,0,+46.7920248,-117.2502535,N
53,98952,5398952,B5,G6350,S,533301571,180286,+46.3562112,-120.7630660,N
53,98951,5398951,B5,G6350,S,389536396,454920,+46.4560276,-120.5136037,N
53,98938,5398938,B5,G6350,S,95672912,0,+46.3882030,-120.0941789,N
53,98929,5398929,B5,G6350,S,2996126,0,+46.8817024,-121.2851473,N
53,99333,5399333,B5,G6350,S,236821657,5970966,+46.6857824,-118.1727165,N
53,99401,5399401,B5,G6350,S,569160578,3393664,+46.0872160,-117.2499750,N
53,99336,5399336,B5,G6350,S,34570311,3599832,+46.2140503,-119.1757278,N
53,99338,5399338,B5,G6350,S,171927259,0,+46.1478606,-119.2734751,N
53,98815,5398815,B5,G6350,S,307735121,896528,+47.4605749,-120.4782827,N
53,98847,5398847,B5,G6350,S,418773216,454327,+47.4198178,-120.6437271,N
53,98381,5398381,B5,G6350,S,174200975,0,+48.2736764,-124.4748580,N
53,98603,5398603,B5,G6350,S,302522143,13528046,+46.0555186,-122.4147568,N
53,98802,5398802,B5,G6350,S,464787144,8115822,+47.4874251,-120.1787272,N
53,98823,5398823,B5,G6350,S,772478178,1247699,+47.3120049,-119.6205178,N
53,98845,5398845,B5,G6350,S,180122104,13938,+47.4315789,-119.9387307,N
53,98541,5398541,B5,G6350,S,547573891,4547801,+47.0607488,-123.3896344,N
53,98568,5398568,B5,G6350,S,389838892,2250535,+46.8548054,-123.3137115,N
53,98536,5398536,B5,G6350,S,158991185,1545847,+47.1949757,-124.1043721,N
53,98253,5398253,B5,G6350,S,32118442,15897676,+48.0923974,-122.5765373,N
53,98178,5398178,B5,G6350,S,12564278,2636151,+47.4993867,-122.2438513,N
53,98057,5398057,B5,G6350,S,15780776,171884,+47.4720203,-122.2218996,N
53,98146,5398146,B5,G6350,S,12045888,1761080,+47.5000582,-122.3578478,N
53,98125,5398125,B5,G6350,S,13960901,3976391,+47.7165126,-122.2958288,N
53,98148,5398148,B5,G6350,S,8117264,0,+47.4440981,-122.3248591,N
53,98031,5398031,B5,G6350,S,19424908,256402,+47.4054791,-122.1957723,N
53,98032,5398032,B5,G6350,S,43315933,761178,+47.3919421,-122.2571921,N
53,98133,5398133,B5,G6350,S,18378984,178301,+47.7404752,-122.3428688,N
53,98055,5398055,B5,G6350,S,12373996,249945,+47.4469823,-122.2015208,N
53,98101,5398101,B5,G6350,S,1344752,271084,+47.6109020,-122.3364219,N
53,98024,5398024,B5,G6350,S,61945438,1348984,+47.5734245,-121.8991824,N
53,98380,5398380,B5,G6350,S,108540302,15043550,+47.5786075,-122.9028855,N
53,98110,5398110,B5,G6350,S,71512405,29499450,+47.6469673,-122.5345614,N
53,98315,5398315,B5,G6350,S,28766162,2962518,+47.7245503,-122.7160114,N
53,98926,5398926,B5,G6350,S,1494509227,5979438,+47.0141954,-120.4586914,N
53,98943,5398943,B5,G6350,S,2223598,19748,+47.1845780,-120.9648627,N
53,98950,5398950,B5,G6350,S,60332577,21297341,+46.8964659,-119.9880736,N
53,98565,5398565,B5,G6350,S,1603995,0,+46.5783149,-122.9019647,N
53,98570,5398570,B5,G6350,S,307602563,91832,+46.6307129,-122.6509470,N
53,99147,5399147,B5,G6350,S,21199009,8193884,+47.8737164,-118.5093733,N
53,98546,5398546,B5,G6350,S,68581895,12998931,+47.3198652,-122.9246251,N
53,98855,5398855,B5,G6350,S,1662923140,7023667,+48.6745086,-119.2530086,N
53,99124,5399124,B5,G6350,S,559382,0,+47.9999352,-118.9528510,N
53,98631,5398631,B5,G6350,S,40236924,27904939,+46.4047663,-124.0315425,N
53,99180,5399180,B5,G6350,S,264047905,6874693,+48.2926669,-117.3421695,N
53,99009,5399009,B5,G6350,S,207737563,3091509,+48.0260859,-117.2524460,N
53,99006,5399006,B5,G6350,S,475627744,1213519,+47.9841223,-117.5021923,N
53,98402,5398402,B5,G6350,S,2439379,560802,+47.2501581,-122.4390298,N
53,98405,5398405,B5,G6350,S,10676833,47321,+47.2456466,-122.4723988,N
53,98467,5398467,B5,G6350,S,11896797,9213814,+47.2032791,-122.5677194,N
53,98439,5398439,B5,G6350,S,22582097,18871,+47.1325722,-122.5126913,N
53,98422,5398422,B5,G6350,S,17298972,303026,+47.2904030,-122.3925414,N
53,98407,5398407,B5,G6350,S,14567007,4196701,+47.2903645,-122.5177469,N
53,98499,5398499,B5,G6350,S,23852571,1671777,+47.1686934,-122.5033470,N
53,98433,5398433,B5,G6350,S,51009435,3655033,+47.1128105,-122.5890622,N
53,98430,5398430,B5,G6350,S,992075,255658,+47.1178353,-122.5671714,N
53,98330,5398330,B5,G6350,S,16907606,134033,+46.7761159,-122.1686519,N
53,98273,5398273,B5,G6350,S,217802411,12472693,+48.4027537,-122.3761477,N
53,98267,5398267,B5,G6350,S,900046747,6103746,+48.4376231,-121.2990485,N
53,98257,5398257,B5,G6350,S,47486891,5659405,+48.4060246,-122.5121474,N
53,98610,5398610,B5,G6350,S,952000245,7669772,+45.8658903,-122.0652182,N
53,98036,5398036,B5,G6350,S,25075706,34278,+47.8097079,-122.2803939,N
53,98026,5398026,B5,G6350,S,24153199,2967939,+47.8407936,-122.3329848,N
53,98294,5398294,B5,G6350,S,155411158,748480,+47.8746791,-121.7538644,N
53,98251,5398251,B5,G6350,S,394887169,6501491,+47.9123171,-121.6068220,N
53,99016,5399016,B5,G6350,S,65287891,183196,+47.5972924,-117.1210290,N
53,99216,5399216,B5,G6350,S,34584382,282148,+47.6856768,-117.2184583,N
53,99005,5399005,B5,G6350,S,102757583,0,+47.8442612,-117.3661959,N
53,99206,5399206,B5,G6350,S,60620755,254064,+47.6292956,-117.2546568,N
53,98512,5398512,B5,G6350,S,389166807,4845429,+46.9749978,-123.0634649,N
53,99360,5399360,B5,G6350,S,407715464,0,+46.0902173,-118.6630296,N
53,98244,5398244,B5,G6350,S,1264000692,12842172,+48.8318106,-121.9338292,N
53,98220,5398220,B5,G6350,S,52834909,245140,+48.6849452,-122.1951937,N
53,98262,5398262,B5,G6350,S,23949593,833670,+48.6743566,-122.6467050,N
53,98281,5398281,B5,G6350,S,12652231,4389799,+48.9919302,-123.0511838,N
53,99158,5399158,B5,G6350,S,235435592,0,+47.1302715,-117.2474235,N
53,99164,5399164,B5,G6350,S,187184,0,+46.7309174,-117.1525679,N
53,99169,5399169,B5,G6350,S,1838577813,3764800,+47.1058983,-118.3402184,N
53,99371,5399371,B5,G6350,S,527777855,563793,+46.8001181,-118.3120358,N
53,99337,5399337,B5,G6350,S,407217264,37731699,+46.0732228,-119.0907404,N
53,99353,5399353,B5,G6350,S,67479354,2292769,+46.3138081,-119.3877682,N
53,98801,5398801,B5,G6350,S,420417984,9889594,+47.4235937,-120.3366334,N
53,98683,5398683,B5,G6350,S,18805420,1308285,+45.6032866,-122.5101704,N
53,98607,5398607,B5,G6350,S,121658124,6963788,+45.6422260,-122.3799799,N
53,99328,5399328,B5,G6350,S,1659495094,7107953,+46.2633684,-117.8654241,N
53,99115,5399115,B5,G6350,S,1084259015,9772905,+47.6468341,-119.4166888,N
53,98843,5398843,B5,G6350,S,169761186,12802170,+47.7567863,-120.0579482,N
53,98830,5398830,B5,G6350,S,1166999173,7045708,+47.8953656,-119.5232463,N
53,99150,5399150,B5,G6350,S,144440311,18770,+48.8044783,-118.5562794,N
53,99343,5399343,B5,G6350,S,428395394,7671981,+46.5936091,-119.1800878,N
53,98550,5398550,B5,G6350,S,554530299,112113396,+47.0937880,-123.9256621,N
53,98126,5398126,B5,G6350,S,7963648,1777439,+47.5556468,-122.3795899,N
53,98105,5398105,B5,G6350,S,10689306,6434743,+47.6598613,-122.2849767,N
53,98116,5398116,B5,G6350,S,7657204,1880414,+47.5739335,-122.4001751,N
53,98107,5398107,B5,G6350,S,5704026,704217,+47.6675273,-122.3775511,N
53,98108,5398108,B5,G6350,S,19384665,964749,+47.5348617,-122.3057936,N
53,98004,5398004,B5,G6350,S,18200338,4178457,+47.6183371,-122.2053410,N
53,98038,5398038,B5,G6350,S,172206702,1011079,+47.4193780,-121.9580080,N
53,98075,5398075,B5,G6350,S,24552292,4217658,+47.5860922,-122.0374358,N
53,98014,5398014,B5,G6350,S,117346593,4626219,+47.6604452,-121.8916130,N
53,98367,5398367,B5,G6350,S,208413122,4010517,+47.4612635,-122.6994432,N
53,98314,5398314,B5,G6350,S,1495426,2209121,+47.5562874,-122.6371179,N
53,98364,5398364,B5,G6350,S,779380,0,+47.8471095,-122.5883638,N
53,98940,5398940,B5,G6350,S,277789488,19657910,+47.4767914,-121.0804633,N
53,98941,5398941,B5,G6350,S,12531574,0,+47.2232136,-120.9820115,N
53,98602,5398602,B5,G6350,S,145030761,0,+45.8671062,-121.2654913,N
53,98591,5398591,B5,G6350,S,299345903,4010427,+46.4410226,-122.7435980,N
53,98355,5398355,B5,G6350,S,491306508,2742115,+46.7037780,-122.0400179,N
53,99122,5399122,B5,G6350,S,1474634676,20443341,+47.6878486,-118.2082323,N
53,99117,5399117,B5,G6350,S,477692479,729700,+47.7220693,-118.5320021,N
53,98588,5398588,B5,G6350,S,126445138,2522027,+47.4523727,-123.0200246,N
53,98592,5398592,B5,G6350,S,45670104,4845676,+47.3263040,-123.0820756,N
53,98841,5398841,B5,G6350,S,993865626,15598530,+48.3596476,-119.2685745,N
53,99153,5399153,B5,G6350,S,888786500,10039124,+48.9110915,-117.1660209,N
53,98498,5398498,B5,G6350,S,22002787,2908964,+47.1591939,-122.5531225,N
53,98408,5398408,B5,G6350,S,8757847,113481,+47.1973989,-122.4465185,N
53,98558,5398558,B5,G6350,S,327359,29963,+46.9339406,-122.5572183,N
53,98333,5398333,B5,G6350,S,13514702,24930837,+47.2524317,-122.6399961,N
53,98323,5398323,B5,G6350,S,638112512,3056856,+47.0430832,-121.8275107,N
53,98233,5398233,B5,G6350,S,87664372,682829,+48.5009490,-122.3455871,N
53,98283,5398283,B5,G6350,S,1419061566,69604505,+48.8020546,-121.2603241,N
53,98648,5398648,B5,G6350,S,319037546,23891280,+45.7062537,-121.9563114,N
53,98012,5398012,B5,G6350,S,39681392,41432,+47.8411693,-122.1990691,N
53,98021,5398021,B5,G6350,S,26276137,0,+47.7925226,-122.2082156,N
53,98271,5398271,B5,G6350,S,120688056,12881761,+48.0899682,-122.2376808,N
53,99004,5399004,B5,G6350,S,870251144,12520258,+47.4200619,-117.6311652,N
53,99224,5399224,B5,G6350,S,303209293,943307,+47.6524100,-117.5260457,N
53,99037,5399037,B5,G6350,S,16750927,79268,+47.6357837,-117.1976054,N
53,99151,5399151,B5,G6350,S,314770,0,+48.6644696,-118.0636358,N
53,99040,5399040,B5,G6350,S,271211141,3920546,+47.8983565,-118.0036966,N
53,98502,5398502,B5,G6350,S,140811824,43376343,+47.0875543,-123.0219677,N
53,98589,5398589,B5,G6350,S,238300083,4821862,+46.8340183,-122.8163641,N
53,98612,5398612,B5,G6350,S,195711118,25677147,+46.2156799,-123.3252655,N
53,99362,5399362,B5,G6350,S,830410706,312763,+46.1010825,-118.3136094,Y
53,99329,5399329,B5,G6350,S,4738265,0,+46.1563305,-118.1452984,N
53,98226,5398226,B5,G6350,S,277732046,32559380,+48.7985984,-122.4454522,N
53,98230,5398230,B5,G6350,S,113340436,12450970,+48.9539830,-122.7120137,N
53,99111,5399111,B5,G6350,S,747252282,6997113,+46.8377289,-117.4207494,N
53,99163,5399163,B5,G6350,S,536124445,1052518,+46.7303307,-117.2180270,N
53,98923,5398923,B5,G6350,S,15623478,0,+46.6663236,-120.7176300,N
53,98933,5398933,B5,G6350,S,62558521,0,+46.4022247,-120.6312326,N
53,98902,5398902,B5,G6350,S,23373808,273352,+46.5966734,-120.5338506,N
53,98947,5398947,B5,G6350,S,106837711,0,+46.6874708,-120.8015807,N
53,98935,5398935,B5,G6350,S,693407684,3154409,+46.1325749,-120.0862672,N
53,99105,5399105,B5,G6350,S,313041682,1329594,+46.8729873,-118.0719647,N
53,99403,5399403,B5,G6350,S,395974855,3532732,+46.3623669,-117.2825967,N
53,99402,5399402,B5,G6350,S,741920735,4673794,+46.1907725,-117.1274168,N
53,99350,5399350,B5,G6350,S,1480080357,2205606,+46.1832921,-119.6959428,N
53,98305,5398305,B5,G6350,S,310421661,2764631,+48.0628908,-124.4390723,N
53,98362,5398362,B5,G6350,S,567302775,175832,+47.9309379,-123.3680309,N
53,98604,5398604,B5,G6350,S,187325219,137290,+45.8057468,-122.5107768,N
53,99347,5399347,B5,G6350,S,1960341750,22239588,+46.4277345,-117.5653877,N
53,99348,5399348,B5,G6350,S,1345764368,20237425,+46.3771215,-118.4720359,N
53,98625,5398625,B5,G6350,S,208548406,4763003,+46.0372513,-122.7333843,N
53,98813,5398813,B5,G6350,S,305926126,19059168,+48.0406788,-119.5605041,N
53,98812,5398812,B5,G6350,S,686964768,23112974,+48.1531478,-119.7428767,N
53,99133,5399133,B5,G6350,S,383155350,25920632,+48.0218936,-119.0850914,N
53,99116,5399116,B5,G6350,S,121663008,10021458,+48.0306397,-118.9273729,N
53,99138,5399138,B5,G6350,S,1367436580,80750388,+48.2058431,-118.3958233,N
53,98837,5398837,B5,G6350,S,1250595193,83125107,+47.1499024,-119.3059719,N
53,98569,5398569,B5,G6350,S,37939902,61449322,+46.9937435,-124.1367044,N
53,98236,5398236,B5,G6350,S,59279796,25581824,+47.9483928,-122.4128217,N
53,98249,5398249,B5,G6350,S,41291160,22831539,+48.0142361,-122.5427943,N
53,98239,5398239,B5,G6350,S,75803716,34548673,+48.1964975,-122.6579539,N
53,98320,5398320,B5,G6350,S,252865213,4379982,+47.7185432,-122.9669228,N
53,98365,5398365,B5,G6350,S,96360969,13062460,+47.8848303,-122.7013696,N
53,98325,5398325,B5,G6350,S,77907774,603700,+47.9666477,-122.7596967,N
53,98104,5398104,B5,G6350,S,2007034,252657,+47.6018840,-122.3294587,N
53,98040,5398040,B5,G6350,S,16370442,17583045,+47.5677164,-122.2327755,N
53,98045,5398045,B5,G6350,S,872796478,15652767,+47.3903162,-121.6068263,N
53,98051,5398051,B5,G6350,S,132339462,1663208,+47.3462096,-121.8812910,N
53,98047,5398047,B5,G6350,S,6277098,74330,+47.2617687,-122.2488886,N
53,98337,5398337,B5,G6350,S,2704468,1780445,+47.5687141,-122.6315578,N
53,98392,5398392,B5,G6350,S,4256226,856840,+47.7322798,-122.5623176,N
53,98329,5398329,B5,G6350,S,66967775,14540323,+47.3680895,-122.7260525,N
53,98925,5398925,B5,G6350,S,325189820,9152908,+47.2572877,-121.2708776,N
53,98673,5398673,B5,G6350,S,33643510,13213494,+45.6561987,-121.0284352,N
53,98531,5398531,B5,G6350,S,353875685,3604903,+46.7304368,-122.9027743,N
53,98579,5398579,B5,G6350,S,234361852,1655819,+46.7882009,-123.1254731,N
53,98582,5398582,B5,G6350,S,18385643,469138,+46.5236818,-122.6257395,N
53,99185,5399185,B5,G6350,S,698459842,15233367,+47.7494316,-118.7173168,N
53,98548,5398548,B5,G6350,S,355695104,6545662,+47.3829518,-123.4115815,N
53,98555,5398555,B5,G6350,S,52820573,194950,+47.5347326,-123.0608651,N
53,98859,5398859,B5,G6350,S,348134731,245917,+48.7979279,-118.9563877,N
53,98814,5398814,B5,G6350,S,388376215,340655,+48.2068725,-120.1590442,N
53,98846,5398846,B5,G6350,S,230695250,6566818,+48.0148774,-119.9711682,N
53,98373,5398373,B5,G6350,S,24401165,63519,+47.1450828,-122.3241526,N
53,98372,5398372,B5,G6350,S,35314275,344504,+47.2056480,-122.2663389,N
53,98374,5398374,B5,G6350,S,41032501,383201,+47.1290798,-122.2639234,N
53,98387,5398387,B5,G6350,S,73507041,983285,+47.0609590,-122.3942208,N
53,98321,5398321,B5,G6350,S,93325269,1168628,+47.1526064,-122.0717385,N
53,98580,5398580,B5,G6350,S,364775307,5145674,+46.9989528,-122.5218823,N
53,98338,5398338,B5,G6350,S,139310526,876436,+47.0343157,-122.2768540,N
53,98327,5398327,B5,G6350,S,17788609,5712976,+47.1023688,-122.6646903,N
53,98351,5398351,B5,G6350,S,22137151,28461399,+47.1996420,-122.7742723,N
53,98222,5398222,B5,G6350,S,17123093,16710879,+48.5668147,-122.8181026,N
53,98639,5398639,B5,G6350,S,33159189,408025,+45.6699091,-121.9896652,N
53,98020,5398020,B5,G6350,S,13396283,2513786,+47.8023438,-122.3741934,N
53,98256,5398256,B5,G6350,S,218855030,860036,+47.8214383,-121.4064327,N
53,99212,5399212,B5,G6350,S,31445036,353083,+47.6647048,-117.3103623,N
53,99208,5399208,B5,G6350,S,127316372,274480,+47.7821093,-117.4557211,N
53,99204,5399204,B5,G6350,S,2919952,0,+47.6457055,-117.4272630,N
53,99012,5399012,B5,G6350,S,246191714,0,+47.3820415,-117.1927767,N
53,99031,5399031,B5,G6350,S,183815950,0,+47.4234940,-117.3624188,N
53,99131,5399131,B5,G6350,S,68735929,24014225,+48.2774090,-118.1313915,N
53,98516,5398516,B5,G6350,S,74190979,35979290,+47.1096843,-122.7942610,N
53,98513,5398513,B5,G6350,S,152955099,3393287,+46.9770301,-122.7339420,N
53,98643,5398643,B5,G6350,S,94347859,11671039,+46.2954406,-123.6197058,N
53,99323,5399323,B5,G6350,S,326083969,20253630,+46.1907887,-118.8728644,N
53,98247,5398247,B5,G6350,S,164987407,3040843,+48.9118769,-122.3301454,N
53,98295,5398295,B5,G6350,S,74785340,385188,+48.9813549,-122.2001064,N
53,98276,5398276,B5,G6350,S,542593,0,+48.9267015,-122.3261828,N
53,99017,5399017,B5,G6350,S,219408556,1231814,+47.1841291,-117.8867583,N
53,99125,5399125,B5,G6350,S,603506308,659509,+46.9310402,-117.7651541,N
53,99143,5399143,B5,G6350,S,803350060,8633307,+46.7655356,-117.8482448,N
53,99149,5399149,B5,G6350,S,6744865,0,+47.2171261,-117.4639578,N
53,98942,5398942,B5,G6350,S,487909447,1343761,+46.8013350,-120.6648096,N
53,98932,5398932,B5,G6350,S,87507442,481103,+46.3327131,-120.1562309,N
53,98939,5398939,B5,G6350,S,738747,0,+46.4968471,-120.4657887,N
53,99159,5399159,B5,G6350,S,1300034123,6404368,+47.3268396,-118.7658705,N
53,99032,5399032,B5,G6350,S,562986022,9274791,+47.3302523,-118.0400211,N
53,99341,5399341,B5,G6350,S,1036903859,0,+46.9128966,-118.6530186,N
53,99320,5399320,B5,G6350,S,359642127,2841259,+46.2658884,-119.4872434,N
53,99352,5399352,B5,G6350,S,54262092,8689165,+46.2525887,-119.2882175,N
53,99354,5399354,B5,G6350,S,52600932,214528,+46.3316076,-119.3027156,N
53,98930,5398930,B5,G6350,S,123083474,662912,+46.2691004,-119.8919770,N
53,98944,5398944,B5,G6350,S,1497260973,27334959,+46.4976275,-119.6302690,N
53,98816,5398816,B5,G6350,S,1027248248,106438670,+48.0029218,-120.3399899,N
53,98828,5398828,B5,G6350,S,146763469,4200849,+47.3100780,-120.1782578,N
53,98350,5398350,B5,G6350,S,8214634,243998,+47.9063301,-124.6215221,N
53,98660,5398660,B5,G6350,S,38698053,22297016,+45.6789959,-122.7204992,N
53,98662,5398662,B5,G6350,S,33338974,0,+45.6884977,-122.5778471,N
53,98686,5398686,B5,G6350,S,29788044,10880,+45.7233917,-122.6243971,N
53,98675,5398675,B5,G6350,S,305779639,131064,+45.8284516,-122.3429250,N
53,99359,5399359,B5,G6350,S,215544424,6902358,+46.5432522,-118.0973717,N
53,98616,5398616,B5,G6350,S,537262707,25946762,+46.1932796,-122.1328733,N
53,98858,5398858,B5,G6350,S,1002061010,3723474,+47.6494236,-119.9027798,N
53,99121,5399121,B5,G6350,S,146779001,27136,+48.9369935,-118.4697927,N
53,99140,5399140,B5,G6350,S,1007708003,39471058,+48.1114138,-118.6461697,N
53,99155,5399155,B5,G6350,S,788658196,8424119,+48.2490633,-118.9656823,N
53,99301,5399301,B5,G6350,S,1204285093,35605228,+46.3790487,-118.9541902,N
53,99135,5399135,B5,G6350,S,456733366,24078,+47.6648050,-119.0992963,N
53,99123,5399123,B5,G6350,S,112733811,106333426,+47.8457808,-119.1444682,N
53,98860,5398860,B5,G6350,S,199037454,59513,+47.4619561,-119.2004755,N
53,98583,5398583,B5,G6350,S,283657,7477,+47.0008748,-123.4865961,N
53,98526,5398526,B5,G6350,S,225366174,18145747,+47.4541957,-123.9907479,N
53,98547,5398547,B5,G6350,S,157790677,27274883,+46.7839491,-124.0359558,N
53,98557,5398557,B5,G6350,S,93393706,363313,+47.0442105,-123.2683211,N
53,98535,5398535,B5,G6350,S,26498905,3659648,+47.1064307,-124.1379515,N
53,98136,5398136,B5,G6350,S,5954028,2163641,+47.5364636,-122.3944092,N
53,98188,5398188,B5,G6350,S,19551348,755259,+47.4473353,-122.2730922,N
53,98117,5398117,B5,G6350,S,10214490,1569166,+47.6877607,-122.3848701,N
53,98144,5398144,B5,G6350,S,8818482,4545367,+47.5856211,-122.2924922,N
53,98122,5398122,B5,G6350,S,5992910,3155568,+47.6110462,-122.2932070,N
53,98028,5398028,B5,G6350,S,14667571,1856135,+47.7556801,-122.2480760,N
53,98034,5398034,B5,G6350,S,23633758,4377929,+47.7157690,-122.2137483,N
53,98006,5398006,B5,G6350,S,27685306,1941389,+47.5576267,-122.1510048,N
53,98027,5398027,B5,G6350,S,144495296,2939416,+47.4937320,-121.9987237,N
53,98019,5398019,B5,G6350,S,197687698,2115521,+47.7343332,-121.8553066,N
53,98195,5398195,B5,G6350,S,183452,50845,+47.6487627,-122.3082818,N
53,98366,5398366,B5,G6350,S,60023697,14335127,+47.5360475,-122.5789443,N
53,98340,5398340,B5,G6350,S,22516951,7536069,+47.9077129,-122.5706762,N
53,98620,5398620,B5,G6350,S,1260155351,14992868,+45.8744467,-120.7758299,N
53,98635,5398635,B5,G6350,S,332246961,5605875,+45.7489578,-121.1843453,N
53,98670,5398670,B5,G6350,S,66449222,0,+45.8589761,-121.1409265,N
53,98650,5398650,B5,G6350,S,212884557,109640,+45.9478687,-121.5407822,N
53,98361,5398361,B5,G6350,S,1187660089,7612728,+46.5386619,-121.5047140,N
53,98538,5398538,B5,G6350,S,273773355,387659,+46.4827680,-123.1461345,N
53,99156,5399156,B5,G6350,S,847496285,20255752,+48.1858490,-117.1968147,N
53,98409,5398409,B5,G6350,S,18412393,19161,+47.2109574,-122.4815771,N
53,98444,5398444,B5,G6350,S,17425684,134972,+47.1530407,-122.4488314,N
53,98404,5398404,B5,G6350,S,19720772,58547,+47.2089807,-122.4116385,N
53,98391,5398391,B5,G6350,S,99908435,2613401,+47.1770940,-122.1663168,N
53,98445,5398445,B5,G6350,S,26979260,0,+47.1399666,-122.4099022,N
53,98443,5398443,B5,G6350,S,13154267,105066,+47.2077761,-122.3725062,N
53,98328,5398328,B5,G6350,S,548825745,12793024,+46.8658898,-122.1579161,N
53,98416,5398416,B5,G6350,S,269804,0,+47.2625210,-122.4811986,N
53,98394,5398394,B5,G6350,S,14363481,2529520,+47.3105605,-122.7784803,N
53,98245,5398245,B5,G6350,S,82864214,30830854,+48.6196627,-122.8717699,N
53,98274,5398274,B5,G6350,S,365437844,6752081,+48.3487706,-122.1454668,N
53,98235,5398235,B5,G6350,S,79407,0,+48.4625050,-122.2339798,N
53,98087,5398087,B5,G6350,S,14418856,488086,+47.8630710,-122.2669760,N
53,98043,5398043,B5,G6350,S,10570552,275673,+47.7911979,-122.3077507,N
53,98204,5398204,B5,G6350,S,20779331,0,+47.9013620,-122.2608910,N
53,98037,5398037,B5,G6350,S,14931093,0,+47.8392266,-122.2854684,N
53,99170,5399170,B5,G6350,S,471271756,832260,+47.2358231,-117.3937200,N
53,99201,5399201,B5,G6350,S,7773515,480711,+47.6634656,-117.4360617,N
53,99033,5399033,B5,G6350,S,97428649,0,+47.2323277,-117.0992730,N
53,99181,5399181,B5,G6350,S,255431261,2755890,+48.1473628,-117.7868280,N
53,99173,5399173,B5,G6350,S,338482153,0,+48.0369718,-117.8630035,N
53,99034,5399034,B5,G6350,S,44505527,353780,+47.8736684,-117.7505196,N
53,98506,5398506,B5,G6350,S,57955564,19988717,+47.1082924,-122.8706226,N
53,98647,5398647,B5,G6350,S,158512418,7361115,+46.3152468,-123.4012877,N
53,98264,5398264,B5,G6350,S,147753338,2562344,+48.9502532,-122.4597918,N
53,99161,5399161,B5,G6350,S,192340413,2631,+46.9030327,-117.1391264,N
53,99171,5399171,B5,G6350,S,688310887,9704417,+47.0982479,-117.6538903,N
53,99130,5399130,B5,G6350,S,203048420,0,+46.9973092,-117.1841247,N
53,99136,5399136,B5,G6350,S,51163094,0,+46.6746426,-117.9555257,N
53,98903,5398903,B5,G6350,S,749040854,535943,+46.5440802,-121.0224161,N
53,98948,5398948,B5,G6350,S,565156330,296374,+46.2979662,-120.3126205,N